ID,Date,Time
101,23-12-2025,20:34:54
101,23-12-2025,20:35:01
101,23-12-2025,20:35:01
101,23-12-2025,20:35:01
101,23-12-2025,20:35:01
101,23-12-2025,20:35:01
101,23-12-2025,20:35:03
101,23-12-2025,20:35:03
101,29-12-2025,10:45:55
101,29-12-2025,10:45:55
101,29-12-2025,10:45:55
101,29-12-2025,10:45:55
101,29-12-2025,10:45:56
101,29-12-2025,10:45:56
101,29-12-2025,10:45:56
101,29-12-2025,10:45:56
101,29-12-2025,10:45:57
101,29-12-2025,10:45:59
101,29-12-2025,10:45:59
101,29-12-2025,10:45:59
101,29-12-2025,10:45:59
101,29-12-2025,10:45:59
101,29-12-2025,10:45:59
101,29-12-2025,10:45:59
101,29-12-2025,10:45:59
101,29-12-2025,10:45:59
101,29-12-2025,10:46:00
101,29-12-2025,10:46:00
101,29-12-2025,10:46:00
101,29-12-2025,10:46:00
101,29-12-2025,10:46:00
101,29-12-2025,10:46:00
101,29-12-2025,10:46:00
101,29-12-2025,10:46:00
101,29-12-2025,10:46:00
101,29-12-2025,10:46:00
101,29-12-2025,10:46:00
101,29-12-2025,10:46:00
101,29-12-2025,10:46:00
101,29-12-2025,10:46:00
101,29-12-2025,10:46:01
101,29-12-2025,10:46:01
101,29-12-2025,10:46:01
101,29-12-2025,10:46:01
101,29-12-2025,10:46:01
101,29-12-2025,10:46:01
101,29-12-2025,10:46:01
101,29-12-2025,10:46:01
101,29-12-2025,10:46:01
101,29-12-2025,10:46:01
101,29-12-2025,10:46:01
101,29-12-2025,10:46:01
101,29-12-2025,10:46:01
101,29-12-2025,10:46:01
101,29-12-2025,10:46:02
101,29-12-2025,10:46:02
101,29-12-2025,10:46:02
101,29-12-2025,10:46:02
101,29-12-2025,10:46:02
101,29-12-2025,10:46:02
101,29-12-2025,10:46:02
101,29-12-2025,10:46:02
101,29-12-2025,10:46:02
101,29-12-2025,10:46:02
101,29-12-2025,10:46:02
101,29-12-2025,10:46:02
101,29-12-2025,10:46:02
101,29-12-2025,10:46:03
101,29-12-2025,10:46:03
101,29-12-2025,10:46:03
101,29-12-2025,10:46:03
101,29-12-2025,10:46:03
101,29-12-2025,10:46:03
101,29-12-2025,10:46:03
101,29-12-2025,10:46:03
101,29-12-2025,10:46:03
101,29-12-2025,10:46:03
101,29-12-2025,10:46:03
101,29-12-2025,10:46:03
101,29-12-2025,10:46:03
101,29-12-2025,10:46:04
101,29-12-2025,10:46:04
101,29-12-2025,10:46:04
101,29-12-2025,10:46:04
101,29-12-2025,10:46:04
101,29-12-2025,10:46:04
101,29-12-2025,10:46:04
101,29-12-2025,10:46:04
101,29-12-2025,10:46:04
101,29-12-2025,10:46:04
101,29-12-2025,10:46:04
101,29-12-2025,10:46:04
101,29-12-2025,10:46:05
101,29-12-2025,10:46:05
101,29-12-2025,10:46:05
101,29-12-2025,10:46:05
101,29-12-2025,10:46:05
101,29-12-2025,10:46:05
101,29-12-2025,10:46:05
101,29-12-2025,10:46:05
101,29-12-2025,10:46:05
101,29-12-2025,10:46:05
101,29-12-2025,10:46:05
101,29-12-2025,10:46:05
101,29-12-2025,10:46:05
101,29-12-2025,10:46:06
101,29-12-2025,10:46:06
101,29-12-2025,10:46:06
101,29-12-2025,10:46:06
101,29-12-2025,10:46:06
101,29-12-2025,10:46:06
101,29-12-2025,10:46:06
101,29-12-2025,10:46:06
101,29-12-2025,10:46:06
101,29-12-2025,10:46:06
101,29-12-2025,10:46:06
101,29-12-2025,10:46:07
101,29-12-2025,10:46:07
101,29-12-2025,10:46:07
101,29-12-2025,10:46:07
101,29-12-2025,10:46:07
101,29-12-2025,10:46:07
101,29-12-2025,10:46:07
101,29-12-2025,10:46:07
101,29-12-2025,10:46:07
101,29-12-2025,10:46:07
101,29-12-2025,10:46:07
101,29-12-2025,10:46:07
101,29-12-2025,10:46:07
101,29-12-2025,10:46:08
101,29-12-2025,10:46:08
101,29-12-2025,10:46:08
101,29-12-2025,10:46:08
101,29-12-2025,10:46:08
101,29-12-2025,10:46:08
101,29-12-2025,10:46:08
101,29-12-2025,10:46:08
101,29-12-2025,10:46:08
101,29-12-2025,10:46:08
101,29-12-2025,10:46:08
101,29-12-2025,10:46:09
101,29-12-2025,10:46:09
101,29-12-2025,10:46:09
101,29-12-2025,10:46:09
101,29-12-2025,10:46:09
101,29-12-2025,10:46:09
101,29-12-2025,10:46:09
101,29-12-2025,10:46:09
101,29-12-2025,10:46:09
101,29-12-2025,10:46:09
101,29-12-2025,10:46:09
101,29-12-2025,10:46:09
101,29-12-2025,10:46:09
101,29-12-2025,10:46:10
101,29-12-2025,10:46:10
101,29-12-2025,10:46:10
101,29-12-2025,10:46:10
101,29-12-2025,10:46:10
101,29-12-2025,10:46:10
101,29-12-2025,10:46:10
101,29-12-2025,10:46:10
101,29-12-2025,10:46:10
101,29-12-2025,10:46:10
101,29-12-2025,10:46:10
101,29-12-2025,10:46:10
101,29-12-2025,10:46:11
101,29-12-2025,10:46:11
101,29-12-2025,10:46:11
101,29-12-2025,10:46:11
101,29-12-2025,10:46:11
101,29-12-2025,10:46:11
101,29-12-2025,10:46:11
101,29-12-2025,10:46:11
101,29-12-2025,10:46:11
101,29-12-2025,10:46:11
101,29-12-2025,10:46:11
101,29-12-2025,10:46:11
101,29-12-2025,10:46:11
101,29-12-2025,10:46:12
101,29-12-2025,10:46:12
101,29-12-2025,10:46:12
101,29-12-2025,10:46:12
101,29-12-2025,10:46:12
101,29-12-2025,10:46:12
101,29-12-2025,10:46:12
101,29-12-2025,10:46:12
101,29-12-2025,10:46:12
101,29-12-2025,10:46:12
101,29-12-2025,10:46:12
101,29-12-2025,10:46:12
101,29-12-2025,10:46:13
101,29-12-2025,10:46:13
101,29-12-2025,10:46:13
101,29-12-2025,10:46:13
101,29-12-2025,10:46:13
101,29-12-2025,10:46:13
101,29-12-2025,10:46:13
101,29-12-2025,10:46:13
101,29-12-2025,10:46:13
101,29-12-2025,10:46:13
101,29-12-2025,10:46:13
101,29-12-2025,10:46:13
101,29-12-2025,10:46:13
101,29-12-2025,10:46:14
101,29-12-2025,10:46:14
101,29-12-2025,10:46:14
101,29-12-2025,10:46:14
101,29-12-2025,10:46:14
101,29-12-2025,10:46:14
101,29-12-2025,10:49:10
101,29-12-2025,10:49:10
101,29-12-2025,10:49:10
101,29-12-2025,10:49:11
101,29-12-2025,10:49:11
101,29-12-2025,10:49:12
101,29-12-2025,10:49:12
101,29-12-2025,10:49:12
101,29-12-2025,10:49:12
101,29-12-2025,10:49:12
101,29-12-2025,10:49:12
101,29-12-2025,10:49:13
101,29-12-2025,10:49:13
101,29-12-2025,10:49:13
101,29-12-2025,10:49:14
101,29-12-2025,10:49:14
101,29-12-2025,10:49:14
101,29-12-2025,10:49:14
101,29-12-2025,10:49:14
101,29-12-2025,10:49:14
101,29-12-2025,10:49:15
101,29-12-2025,10:49:15
101,29-12-2025,10:49:15
101,29-12-2025,10:49:15
101,29-12-2025,10:49:15
101,29-12-2025,10:49:16
101,29-12-2025,10:49:16
101,29-12-2025,10:49:16
101,29-12-2025,10:49:16
101,29-12-2025,10:49:16
101,29-12-2025,10:49:16
101,29-12-2025,10:49:16
101,29-12-2025,10:49:16
101,29-12-2025,10:49:16
101,29-12-2025,10:49:16
101,29-12-2025,10:49:16
101,29-12-2025,10:49:16
101,29-12-2025,10:49:16
101,29-12-2025,10:49:16
101,29-12-2025,10:49:17
101,29-12-2025,10:49:17
101,29-12-2025,10:49:17
101,29-12-2025,10:49:17
101,29-12-2025,10:49:17
101,29-12-2025,10:49:17
101,29-12-2025,10:49:17
101,29-12-2025,10:49:17
101,29-12-2025,10:49:17
101,29-12-2025,10:49:17
101,29-12-2025,10:49:18
101,29-12-2025,10:49:18
101,29-12-2025,10:49:18
101,29-12-2025,10:49:18
101,29-12-2025,10:49:18
101,29-12-2025,10:49:18
101,29-12-2025,10:49:18
101,29-12-2025,10:49:18
101,29-12-2025,10:49:19
101,29-12-2025,10:49:19
101,29-12-2025,10:49:19
101,29-12-2025,10:49:19
101,29-12-2025,10:49:19
101,29-12-2025,10:49:20
101,29-12-2025,10:49:20
101,29-12-2025,10:49:20
101,29-12-2025,10:49:20
101,29-12-2025,10:49:20
101,29-12-2025,10:49:20
101,29-12-2025,10:49:20
101,29-12-2025,10:49:20
101,29-12-2025,10:49:20
101,29-12-2025,10:49:20
101,29-12-2025,10:49:20
101,29-12-2025,10:49:20
101,29-12-2025,10:49:20
101,29-12-2025,10:49:20
101,29-12-2025,10:49:21
101,29-12-2025,10:49:21
101,29-12-2025,10:49:21
101,29-12-2025,10:49:21
101,29-12-2025,10:49:21
101,29-12-2025,10:49:21
101,29-12-2025,10:49:21
101,29-12-2025,10:49:21
101,29-12-2025,10:49:21
101,29-12-2025,10:49:21
101,29-12-2025,10:49:21
101,29-12-2025,10:49:21
101,29-12-2025,10:49:21
101,29-12-2025,10:49:21
101,29-12-2025,10:49:22
101,29-12-2025,10:49:22
101,29-12-2025,10:49:22
101,29-12-2025,10:49:22
101,29-12-2025,10:49:22
101,29-12-2025,10:49:22
101,29-12-2025,10:49:22
101,29-12-2025,10:49:22
101,29-12-2025,10:49:22
101,29-12-2025,10:49:22
101,29-12-2025,10:49:22
101,29-12-2025,10:49:22
101,29-12-2025,10:49:22
101,29-12-2025,10:49:23
101,29-12-2025,10:49:23
101,29-12-2025,10:49:26
101,29-12-2025,10:49:26
101,29-12-2025,10:49:26
101,29-12-2025,10:49:26
101,29-12-2025,10:49:26
101,29-12-2025,10:49:26
101,29-12-2025,10:49:27
101,29-12-2025,10:49:27
101,29-12-2025,10:49:27
101,29-12-2025,10:49:27
101,29-12-2025,10:49:27
101,29-12-2025,10:49:27
101,29-12-2025,10:49:27
101,29-12-2025,10:49:27
101,29-12-2025,10:49:27
101,29-12-2025,10:49:27
101,29-12-2025,10:49:27
101,29-12-2025,10:49:27
101,29-12-2025,10:49:27
101,29-12-2025,10:49:27
101,29-12-2025,10:49:28
101,29-12-2025,10:49:28
101,29-12-2025,10:49:29
101,29-12-2025,10:49:29
101,29-12-2025,10:49:29
101,29-12-2025,10:49:29
101,29-12-2025,10:49:29
101,29-12-2025,10:49:29
101,29-12-2025,10:49:29
101,29-12-2025,10:49:29
101,29-12-2025,10:49:29
101,29-12-2025,10:49:29
101,29-12-2025,10:49:29
101,29-12-2025,10:49:29
101,29-12-2025,10:49:30
101,29-12-2025,10:49:30
101,29-12-2025,10:49:30
101,29-12-2025,10:49:30
101,29-12-2025,10:49:30
101,29-12-2025,10:49:30
101,29-12-2025,10:49:30
101,29-12-2025,10:49:30
101,29-12-2025,10:49:30
101,29-12-2025,10:49:30
101,29-12-2025,10:49:30
101,29-12-2025,10:49:30
101,29-12-2025,10:49:30
101,29-12-2025,10:49:30
101,29-12-2025,10:49:31
101,29-12-2025,10:49:31
101,29-12-2025,10:49:31
101,29-12-2025,10:49:31
101,29-12-2025,10:49:31
101,29-12-2025,10:49:31
101,29-12-2025,10:49:31
101,29-12-2025,10:49:31
101,02-01-2026,10:07:56
101,02-01-2026,10:07:58
101,02-01-2026,10:07:58
101,02-01-2026,10:07:58
101,02-01-2026,10:07:58
101,02-01-2026,10:07:59
101,02-01-2026,10:07:59
101,02-01-2026,10:07:59
101,02-01-2026,10:07:59
101,02-01-2026,10:07:59
101,02-01-2026,10:07:59
101,02-01-2026,10:08:01
101,02-01-2026,10:08:01
101,02-01-2026,10:08:01
101,02-01-2026,10:08:01
101,02-01-2026,10:08:01
101,02-01-2026,10:08:02
101,02-01-2026,10:08:02
101,02-01-2026,10:08:02
101,02-01-2026,10:08:02
101,02-01-2026,10:08:02
101,02-01-2026,10:08:02
101,02-01-2026,10:08:02
101,02-01-2026,10:08:02
101,02-01-2026,10:08:02
101,02-01-2026,10:08:02
101,02-01-2026,10:08:02
101,02-01-2026,10:08:03
101,02-01-2026,10:08:03
101,02-01-2026,10:08:03
101,02-01-2026,10:08:03
101,02-01-2026,10:08:03
101,02-01-2026,10:08:03
101,02-01-2026,10:08:03
101,02-01-2026,10:08:03
101,02-01-2026,10:08:03
101,02-01-2026,10:08:03
101,02-01-2026,10:08:03
101,02-01-2026,10:08:03
101,02-01-2026,10:08:03
101,02-01-2026,10:08:03
101,02-01-2026,10:08:03
101,02-01-2026,10:08:03
101,02-01-2026,10:08:03
101,02-01-2026,10:08:03
101,02-01-2026,10:08:03
101,02-01-2026,10:08:03
101,02-01-2026,10:08:03
101,02-01-2026,10:08:03
101,02-01-2026,10:08:03
101,02-01-2026,10:08:04
101,02-01-2026,10:08:04
101,02-01-2026,10:08:04
101,02-01-2026,10:08:04
101,02-01-2026,10:08:04
101,02-01-2026,10:08:04
101,02-01-2026,10:08:04
101,02-01-2026,10:08:04
101,02-01-2026,10:08:04
101,02-01-2026,10:08:04
101,02-01-2026,10:08:04
101,02-01-2026,10:08:04
101,02-01-2026,10:08:04
101,02-01-2026,10:08:04
101,02-01-2026,10:08:04
101,02-01-2026,10:08:04
101,02-01-2026,10:08:04
101,02-01-2026,10:08:04
101,02-01-2026,10:08:05
101,02-01-2026,10:08:05
101,02-01-2026,10:08:05
101,02-01-2026,10:08:05
101,02-01-2026,10:08:05
101,02-01-2026,10:08:05
101,02-01-2026,10:08:05
101,02-01-2026,10:08:05
101,02-01-2026,10:08:05
101,02-01-2026,10:08:05
101,02-01-2026,10:08:05
101,02-01-2026,10:08:05
101,02-01-2026,10:08:05
101,02-01-2026,10:08:05
101,02-01-2026,10:08:05
101,02-01-2026,10:08:05
101,02-01-2026,10:08:05
101,02-01-2026,10:08:06
101,02-01-2026,10:08:06
101,02-01-2026,10:08:06
101,02-01-2026,10:08:06
101,02-01-2026,10:08:06
101,02-01-2026,10:08:06
101,02-01-2026,10:08:06
101,02-01-2026,10:08:06
101,02-01-2026,10:08:06
101,02-01-2026,10:08:06
101,02-01-2026,10:08:06
101,02-01-2026,10:08:06
101,02-01-2026,10:08:06
101,02-01-2026,10:08:06
101,02-01-2026,10:08:06
101,02-01-2026,10:08:06
101,02-01-2026,10:08:06
101,02-01-2026,10:08:06
101,02-01-2026,10:08:06
101,02-01-2026,10:08:06
101,02-01-2026,10:08:06
101,02-01-2026,10:08:06
101,02-01-2026,10:08:06
101,02-01-2026,10:08:06
101,02-01-2026,10:08:06
101,02-01-2026,10:08:06
101,02-01-2026,10:08:06
101,02-01-2026,10:08:06
101,02-01-2026,10:08:06
101,02-01-2026,10:08:07
101,02-01-2026,10:08:07
101,02-01-2026,10:08:07
101,02-01-2026,10:08:07
101,02-01-2026,10:08:07
101,02-01-2026,10:08:07
101,02-01-2026,10:08:07
101,02-01-2026,10:08:07
101,02-01-2026,10:08:07
101,02-01-2026,10:08:07
101,02-01-2026,10:08:07
101,02-01-2026,10:08:07
101,02-01-2026,10:08:07
101,02-01-2026,10:08:07
101,02-01-2026,10:08:07
101,02-01-2026,10:08:07
101,02-01-2026,10:08:07
101,02-01-2026,10:08:07
101,02-01-2026,10:08:07
101,02-01-2026,10:08:07
101,02-01-2026,10:08:07
101,02-01-2026,10:08:07
101,02-01-2026,10:08:07
101,02-01-2026,10:08:07
101,02-01-2026,10:08:08
101,02-01-2026,10:08:08
101,02-01-2026,10:08:08
101,02-01-2026,10:08:08
101,02-01-2026,10:08:08
101,02-01-2026,10:08:08
101,02-01-2026,10:08:08
101,02-01-2026,10:08:08
101,02-01-2026,10:08:08
101,02-01-2026,10:08:08
101,02-01-2026,10:08:09
101,02-01-2026,10:08:09
101,02-01-2026,10:08:10
101,02-01-2026,10:08:10
101,02-01-2026,10:08:10
101,02-01-2026,10:08:10
101,02-01-2026,10:08:10
101,02-01-2026,10:08:10
101,02-01-2026,10:08:10
101,02-01-2026,10:08:11
101,02-01-2026,10:08:11
101,02-01-2026,10:08:11
101,02-01-2026,10:08:11
101,02-01-2026,10:08:11
101,02-01-2026,10:08:11
101,02-01-2026,10:08:11
101,02-01-2026,10:08:11
101,02-01-2026,10:08:11
101,02-01-2026,10:08:11
101,02-01-2026,10:08:11
101,02-01-2026,10:08:11
101,02-01-2026,10:08:11
101,02-01-2026,10:08:11
101,02-01-2026,10:08:11
101,02-01-2026,10:08:12
101,02-01-2026,10:08:12
101,02-01-2026,10:08:12
101,02-01-2026,10:08:12
101,02-01-2026,10:08:12
101,02-01-2026,10:08:12
101,02-01-2026,10:08:12
101,02-01-2026,10:08:12
101,02-01-2026,10:08:12
101,02-01-2026,10:08:13
101,02-01-2026,10:08:13
101,02-01-2026,10:08:13
101,02-01-2026,10:08:13
101,02-01-2026,10:08:13
101,02-01-2026,10:08:13
101,02-01-2026,10:08:13
101,02-01-2026,10:08:13
101,02-01-2026,10:08:13
101,02-01-2026,10:08:13
101,02-01-2026,10:08:13
101,02-01-2026,10:08:13
101,02-01-2026,10:08:13
101,02-01-2026,10:08:13
101,02-01-2026,10:08:13
101,02-01-2026,10:08:14
101,02-01-2026,10:08:14
101,02-01-2026,10:08:16
101,02-01-2026,10:08:16
101,02-01-2026,10:08:16
101,02-01-2026,10:08:16
101,02-01-2026,10:08:16
101,02-01-2026,10:08:16
101,02-01-2026,10:08:16
101,02-01-2026,10:08:16
101,02-01-2026,10:08:17
101,02-01-2026,10:08:17
101,02-01-2026,10:08:18
101,02-01-2026,10:08:18
101,02-01-2026,10:08:18
101,02-01-2026,10:08:18
101,02-01-2026,10:08:18
101,02-01-2026,10:08:18
101,02-01-2026,10:08:18
101,02-01-2026,10:08:18
101,02-01-2026,10:08:20
101,02-01-2026,10:08:20
101,02-01-2026,10:08:20
101,02-01-2026,10:08:20
101,02-01-2026,10:08:20
101,02-01-2026,10:08:20
101,02-01-2026,10:08:20
101,02-01-2026,10:08:20
101,02-01-2026,10:08:20
101,02-01-2026,10:08:20
101,02-01-2026,10:08:20
101,02-01-2026,10:08:20
101,02-01-2026,10:08:20
101,02-01-2026,10:08:20
101,02-01-2026,10:08:20
101,02-01-2026,10:08:21
101,02-01-2026,10:08:21
101,02-01-2026,10:08:21
101,02-01-2026,10:08:21
101,02-01-2026,10:08:21
101,02-01-2026,10:08:21
101,02-01-2026,10:08:21
101,02-01-2026,10:08:21
101,02-01-2026,10:08:21
101,02-01-2026,10:08:21
101,02-01-2026,10:08:21
101,02-01-2026,10:08:21
101,02-01-2026,10:08:21
101,02-01-2026,10:08:21
101,02-01-2026,10:08:21
